Route,Location,URL,"Avg Stars","Your Stars","Route Type",Rating,Pitches,Length,"Area Latitude","Area Longitude"
"Flower Quarter","Redgarden - Below Lower Ramp > Redgarden Wall > Eldorado Canyon State Park > Boulder > Colorado",https://www.mountainproject.com/route/105760506/flower-quarter,0.0,-1,"Trad, TR",5.6,1,100,39.9309,-105.28548
Dogpatch,"Redgarden - Below Lower Ramp > Redgarden Wall > Eldorado Canyon State Park > Boulder > Colorado",https://www.mountainproject.com/route/111890149/dogpatch,1.0,-1,Trad,5.7,1,70,39.9309,-105.28548
"Vertical Smile","Redgarden - Below Lower Ramp > Redgarden Wall > Eldorado Canyon State Park > Boulder > Colorado",https://www.mountainproject.com/route/105754822/vertical-smile,1.7,-1,Trad,5.7,1,,39.9309,-105.28548
"Flakey Floont","Redgarden - Below Lower Ramp > Redgarden Wall > Eldorado Canyon State Park > Boulder > Colorado",https://www.mountainproject.com/route/105754852/flakey-floont,1.3,-1,"Trad, TR",5.7,1,,39.9309,-105.28548
"Lemon Line","Redgarden - Below Lower Ramp > Redgarden Wall > Eldorado Canyon State Park > Boulder > Colorado",https://www.mountainproject.com/route/106701597/lemon-line,0.0,-1,Trad,"5.7 PG13",1,70,39.9309,-105.28548
"The Greaser","Redgarden - Below Lower Ramp > Redgarden Wall > Eldorado Canyon State Park > Boulder > Colorado",https://www.mountainproject.com/route/107941987/the-greaser,-1.0,-1,Trad,"5.7+ R",1,90,39.9309,-105.28548
Candy-O,"Redgarden - Below Lower Ramp > Redgarden Wall > Eldorado Canyon State Park > Boulder > Colorado",https://www.mountainproject.com/route/106701579/candy-o,0.0,-1,Trad,"5.7+ R",1,60,39.9309,-105.28548
"Lime Line","Redgarden - Below Lower Ramp > Redgarden Wall > Eldorado Canyon State Park > Boulder > Colorado",https://www.mountainproject.com/route/111867668/lime-line,1.0,-1,Trad,5.8-,1,80,39.9309,-105.28548
"Kor Direct to Super Slab","Redgarden - Below Lower Ramp > Redgarden Wall > Eldorado Canyon State Park > Boulder > Colorado",https://www.mountainproject.com/route/111309585/kor-direct-to-super-slab,1.7,-1,Trad,"5.8- PG13",2,70,39.9309,-105.28548
Pickpocket,"Redgarden - Below Lower Ramp > Redgarden Wall > Eldorado Canyon State Park > Boulder > Colorado",https://www.mountainproject.com/route/105763527/pickpocket,1.9,-1,"Trad, TR","5.8 R",1,80,39.9309,-105.28548
"The Slimy Spoon","Redgarden - Below Lower Ramp > Redgarden Wall > Eldorado Canyon State Park > Boulder > Colorado",https://www.mountainproject.com/route/105752518/the-slimy-spoon,1.8,-1,Trad,5.8,2,200,39.9309,-105.28548
Schizophrenia,"Redgarden - Below Lower Ramp > Redgarden Wall > Eldorado Canyon State Park > Boulder > Colorado",https://www.mountainproject.com/route/105753613/schizophrenia,1.6,-1,Trad,5.8,1,60,39.9309,-105.28548
Shadow,"Redgarden - Below Lower Ramp > Redgarden Wall > Eldorado Canyon State Park > Boulder > Colorado",https://www.mountainproject.com/route/105758799/shadow,0.3,-1,Trad,5.8,1,70,39.9309,-105.28548
Remention,"Redgarden - Below Lower Ramp > Redgarden Wall > Eldorado Canyon State Park > Boulder > Colorado",https://www.mountainproject.com/route/105969136/remention,1.5,-1,Trad,5.8,1,100,39.9309,-105.28548
"Mr. Natural","Redgarden - Below Lower Ramp > Redgarden Wall > Eldorado Canyon State Park > Boulder > Colorado",https://www.mountainproject.com/route/105749290/mr-natural,2.5,-1,Trad,5.8+,1,70,39.9309,-105.28548
"Lucid Dream","Redgarden - Below Lower Ramp > Redgarden Wall > Eldorado Canyon State Park > Boulder > Colorado",https://www.mountainproject.com/route/105758802/lucid-dream,1.0,-1,Trad,"5.8+ R",1,60,39.9309,-105.28548
"Tiny Line","Redgarden - Below Lower Ramp > Redgarden Wall > Eldorado Canyon State Park > Boulder > Colorado",https://www.mountainproject.com/route/106701556/tiny-line,1.0,-1,Trad,"5.8+ PG13",1,70,39.9309,-105.28548
"Arcane Saw","Redgarden - Below Lower Ramp > Redgarden Wall > Eldorado Canyon State Park > Boulder > Colorado",https://www.mountainproject.com/route/105758796/arcane-saw,0.7,-1,Trad,5.8+,1,70,39.9309,-105.28548
Senorita,"Redgarden - Below Lower Ramp > Redgarden Wall > Eldorado Canyon State Park > Boulder > Colorado",https://www.mountainproject.com/route/105758787/senorita,1.0,-1,"Trad, TR","5.8+ R",1,60,39.9309,-105.28548
Apprehension,"Redgarden - Below Lower Ramp > Redgarden Wall > Eldorado Canyon State Park > Boulder > Colorado",https://www.mountainproject.com/route/108865956/apprehension,1.0,-1,Trad,"5.8+ R",1,50,39.9309,-105.28548
"The Velvet Arete aka Premonition","Redgarden - Below Lower Ramp > Redgarden Wall > Eldorado Canyon State Park > Boulder > Colorado",https://www.mountainproject.com/route/105756601/the-velvet-arete-aka-premonition,2.0,-1,Trad,"5.8+ PG13",1,80,39.9309,-105.28548
"Ms. Pac-Man","Redgarden - Below Lower Ramp > Redgarden Wall > Eldorado Canyon State Park > Boulder > Colorado",https://www.mountainproject.com/route/118963679/ms-pac-man,2.0,-1,Trad,5.8+,1,65,39.9309,-105.28548
"Rosy I","Redgarden - Below Lower Ramp > Redgarden Wall > Eldorado Canyon State Park > Boulder > Colorado",https://www.mountainproject.com/route/109842700/rosy-i,2.0,-1,Trad,"5.9 R",2,180,39.9309,-105.28548
"The Bitter Route","Redgarden - Below Lower Ramp > Redgarden Wall > Eldorado Canyon State Park > Boulder > Colorado",https://www.mountainproject.com/route/105758784/the-bitter-route,1.0,-1,"Trad, TR",5.9,1,70,39.9309,-105.28548
"Slime Monster","Redgarden - Below Lower Ramp > Redgarden Wall > Eldorado Canyon State Park > Boulder > Colorado",https://www.mountainproject.com/route/121544514/slime-monster,1.0,-1,Trad,"5.9 PG13",1,120,39.9309,-105.28548
"Waking Sleep","Redgarden - Below Lower Ramp > Redgarden Wall > Eldorado Canyon State Park > Boulder > Colorado",https://www.mountainproject.com/route/105758805/waking-sleep,2.0,-1,Trad,"5.9+ R",1,70,39.9309,-105.28548
"Sub Slab","Redgarden - Below Lower Ramp > Redgarden Wall > Eldorado Canyon State Park > Boulder > Colorado",https://www.mountainproject.com/route/105943777/sub-slab,2.0,-1,Trad,"5.9+ R",1,80,39.9309,-105.28548
"Senora (??)","Redgarden - Below Lower Ramp > Redgarden Wall > Eldorado Canyon State Park > Boulder > Colorado",https://www.mountainproject.com/route/105758790/senora,2.0,-1,"Trad, TR",5.9+,1,60,39.9309,-105.28548
"Zombies on the Lookout","Redgarden - Below Lower Ramp > Redgarden Wall > Eldorado Canyon State Park > Boulder > Colorado",https://www.mountainproject.com/route/107605824/zombies-on-the-lookout,1.0,-1,Trad,"5.9+ X",1,100,39.9309,-105.28548
"The Dispensary","Redgarden - Below Lower Ramp > Redgarden Wall > Eldorado Canyon State Park > Boulder > Colorado",https://www.mountainproject.com/route/108425425/the-dispensary,2.5,-1,"Trad, Sport",5.10a,1,90,39.9309,-105.28548
"Captain 4Q aka Santa Ana","Redgarden - Below Lower Ramp > Redgarden Wall > Eldorado Canyon State Park > Boulder > Colorado",https://www.mountainproject.com/route/105752656/captain-4q-aka-santa-ana,1.4,-1,"Trad, TR","5.10a R",1,,39.9309,-105.28548
